{
	"animations": [
		{
			"loop": false,
			"offsets": [
				190,
				173
			],
			"anim": "singLEFT",
			"fps": 24,
			"name": "left",
			"indices": []
		},
		{
			"loop": false,
			"offsets": [
				149,
				10
			],
			"anim": "singDOWN",
			"fps": 24,
			"name": "down",
			"indices": []
		},
		{
			"loop": false,
			"offsets": [
				172,
				188
			],
			"anim": "singUP",
			"fps": 24,
			"name": "up",
			"indices": []
		},
		{
			"loop": false,
			"offsets": [
				455,
				-23
			],
			"anim": "singRIGHT",
			"fps": 24,
			"name": "right",
			"indices": []
		},
		{
			"loop": false,
			"offsets": [
				135,
				131
			],
			"anim": "idle",
			"fps": 24,
			"name": "idle",
			"indices": []
		}
	],
	"vocals_file": "",
	"no_antialiasing": false,
	"image": "characters/bandu",
	"position": [
		0,
		0
	],
	"healthicon": "bandu",
	"flip_x": false,
	"healthbar_colors": [
		24,
		175,
		11
	],
	"camera_position": [
		70,
		-10
	],
	"sing_duration": 6.1,
	"scale": 1,
	"_editor_isPlayer": true
}